Company,Total_employee,Employee_on_linkedin,Percentage
Google,2000,1500,75
Yahoo,1500,1023,68.2
Linkedin,867,863,99.53863899
Headout,150,134,89.33333333
Twitter,780,620,79.48717949
Venturesity,200,102,51
Facebook,1000,820,82
Infosys,5000,3748,74.96
Accenture,3500,1345,38.42857143
Wipro,3090,2074,67.1197411
TCS,4000,2673,66.825
Huawei,400,282,70.5
JPMorgan,1000,874,87.4
Cisco,982,567,57.73930754
Adobe,952,527,55.35714286
Amazon,903,539,59.68992248
